Run,Kendall Tau,NDKL,Average Exposure
0,0.9461224489795919,0.255057946799604,0.7236398099731731
