Run,Kendall Tau,NDKL,Average Exposure
0,0.8938775510204081,0.18334771254194027,0.7609476484453486
1,0.9004081632653061,0.2601904867277612,0.6734769919497315
2,0.8938775510204081,0.25364780967182043,0.6995463694568684
3,0.9526530612244898,0.1852187957683424,0.7451742483533299
