Run,Kendall Tau,NDKL,Average Exposure
0,1.0,0.30520659180770865,0.651464203833696
