Run,Kendall Tau,NDKL,Average Exposure
0,0.9934693877551021,0.24402156750242276,0.7151647936883173
1,0.8236734693877551,0.2915639960753863,0.6708089722722964
2,0.9624489795918367,0.21823664485079458,0.7126249083253682
3,0.6555102040816326,0.36451183268317383,0.6315191550593744
4,0.9722448979591837,0.32429099546115486,0.6559526748350651
5,0.996734693877551,0.2363794837352596,0.7130519853089241
6,0.990204081632653,0.2522004516958923,0.6854636622468321
7,0.4873469387755102,0.35352298766479173,0.6427817009475433
