Run,Kendall Tau,NDKL,Average Exposure
0,0.8710204081632653,0.15973793992677096,0.8016770622963492
1,0.8595918367346939,0.20277099912523677,0.755632558653217
2,0.9853061224489796,0.2766970278099195,0.680537526795248
3,0.8971428571428571,0.2760884207894259,0.6845133299142774
4,0.9722448979591837,0.2848477617494789,0.6738117925027531
5,0.926530612244898,0.21865058558989614,0.7386309020046893
6,0.9804081632653061,0.2643195204052266,0.6850281283087427
7,0.8938775510204081,0.16641073947340704,0.7698583075242104
