Run,Kendall Tau,NDKL,Average Exposure
0,0.8824489795918368,0.18198328672414993,0.761937604690621
1,0.9885714285714285,0.20386933135696914,0.7134456359445045
2,0.4906122448979592,0.1995279766884872,0.8185587041056059
3,0.9085714285714286,0.22132825666764386,0.7098997988020722
4,0.9657142857142857,0.2068123316387717,0.7010041897385546
5,0.9085714285714286,0.19654599128693728,0.7438896247620704
6,0.9885714285714285,0.18054899844107636,0.740976285845383
7,0.8546938775510204,0.17262571491217715,0.740267976721451
