Run,Kendall Tau,NDKL,Average Exposure
0,0.8824489795918368,0.18321386304671555,0.7533084347744522
1,0.9885714285714285,0.04137950974688213,0.9097396169066994
2,0.4906122448979592,0.23679161070364246,1.551470258619706
3,0.9085714285714286,0.06806249231089294,0.7952254450772638
4,0.9657142857142857,0.19377333744290964,0.7600411940777351
5,0.9085714285714286,0.1048357268129522,1.3658993785495472
6,0.9885714285714285,0.03913627482244537,0.9163492394345167
7,0.8546938775510204,0.06363204492427105,1.113883887811462
