Run,Kendall Tau,NDKL,Average Exposure
0,0.9983673469387755,0.17701815404678106,0.7696871210348054
