Run,Kendall Tau,NDKL,Average Exposure
0,0.8759183673469387,0.1767923329481554,0.7852853086892798
1,0.8497959183673469,0.17760484420088904,0.7476126251397918
2,0.5526530612244898,0.2189387653246815,0.7890204709170199
3,0.9853061224489796,0.18830421532669617,0.742325064405456
4,0.8889795918367347,0.12543381569235282,0.8346344028269366
5,0.7910204081632654,0.18697859560159738,0.7355548290088256
6,0.746938775510204,0.19610017566594828,0.7745329200072834
7,0.673469387755102,0.12347753697781183,0.8466528703489248
8,0.769795918367347,0.15702908157632908,0.762358235315739
