Run,Kendall Tau,NDKL,Average Exposure
0,0.8759183673469387,0.18380386019004488,0.7630144005709354
1,0.8497959183673469,0.034672694561196635,1.0456103862037065
2,0.5526530612244898,0.11066837177763002,1.2362418813481992
3,0.9853061224489796,0.04201962492557388,0.8844642614577555
4,0.8889795918367347,0.04654201171860436,1.0999015698934977
5,0.7910204081632654,0.19852162731582187,0.8172470548309057
6,0.746938775510204,0.17805863633686012,1.5267995350115788
7,0.673469387755102,0.17805863633686012,1.5267995350115788
8,0.769795918367347,0.06366033516547458,1.1687510312553906
