Run,Kendall Tau,NDKL,Average Exposure
0,0.9020408163265307,0.1845877438805794,0.7627199921234242
1,0.5722448979591837,0.21726250357097274,1.54292557760514
2,0.4906122448979592,0.23679161070364246,1.551470258619706
3,0.9608163265306122,0.04051297489682609,0.8979833862187973
4,0.9820408163265306,0.034081908144809124,1.0357463658437045
5,0.8840816326530613,0.19155446351270597,0.7994240041178622
6,0.8497959183673469,0.11532934724715907,1.4133387889570483
7,0.9722448979591837,0.04131516979912052,1.095370107310966
8,0.84,0.06266035685011297,1.1292421387857525
