Run,Kendall Tau,NDKL,Average Exposure
0,0.9020408163265307,0.18464489960075242,0.7657917362223281
1,0.5722448979591837,0.13117835478918724,0.8429845695347353
2,0.4906122448979592,0.1995279766884872,0.8185587041056059
3,0.9608163265306122,0.1867195786885905,0.7469094371635894
4,0.9820408163265306,0.1532079026300308,0.7919772732899402
5,0.8840816326530613,0.19082483877059922,0.7185469796116132
6,0.8497959183673469,0.1958910936512648,0.7534102445647708
7,0.9722448979591837,0.14562344190316776,0.7660158959361045
8,0.84,0.16664860536559692,0.7471464242777272
