Run,Kendall Tau,NDKL,Average Exposure
0,0.8710204081632653,0.15973793992677096,0.8016770622963492
1,0.8024489795918367,0.19627708897427565,0.7718634064106596
2,0.9804081632653061,0.2720551763882442,0.6825635986796714
3,0.9314285714285714,0.17784813494625307,0.7561868069230271
4,0.9183673469387755,0.2837012170821222,0.6781804053553312
5,0.9526530612244898,0.2671506953770103,0.6820429031864955
6,0.9183673469387755,0.21856501622025667,0.7398352741733641
7,0.9314285714285714,0.23579325510474838,0.7077215757634545
8,0.8889795918367347,0.16293648568282287,0.7739511222563943
