Run,Kendall Tau,NDKL,Average Exposure
0,1.0,0.3382677127210656,0.6594937277621579
