Run,Kendall Tau,NDKL,Average Exposure
0,1.0,0.3002739931318098,0.6761147706752714
