Run,Kendall Tau,NDKL,Average Exposure
0,0.4448979591836735,0.11450062437876692,0.9871179326315014
