,shot_0,shot_1,shot_2,shot_3,shot_4
deepseek-api/API,0.766,0.998,0.998,0.998,0.994
gemini-2.0-flash-thinking-exp-01-21,0.998,0.798,0.898,0.898,0.898
meta-llama/Meta-Llama-3-8B-Instruct,0.7939999999999999,0.898,0.8960000000000001,0.996,0.8960000000000001
