Run,Kendall Tau,NDKL,Average Exposure
0,1.0,0.33545766875180094,0.6485296214254613
