Run,Kendall Tau,NDKL,Average Exposure
0,0.7844897959183673,0.18583156792131644,0.7678439100469308
1,0.8922448979591837,0.036825703282662395,0.9652017884249342
2,0.9379591836734694,0.03960363494031416,1.0236852951831672
3,0.9853061224489796,0.04201962492557388,0.8844642614577555
4,0.9918367346938776,0.032478860329720256,1.0164668817615063
5,0.9657142857142857,0.19377333744290964,0.7600411940777351
6,0.7648979591836734,0.10885507124036148,1.3957270592438815
7,0.9804081632653061,0.03480070485519125,0.9410298381652318
8,0.8791836734693877,0.041748423564422106,1.0239678578585425
