Run,Kendall Tau,NDKL,Average Exposure
0,0.7844897959183673,0.17556563893485047,0.8077741027503749
1,0.8922448979591837,0.19289489900882156,0.7324244238340699
2,0.9379591836734694,0.25818717379814365,0.6899900780416606
3,0.9853061224489796,0.18830421532669617,0.742325064405456
4,0.9918367346938776,0.13590966094903784,0.7981118502199055
5,0.9657142857142857,0.2068123316387717,0.7010041897385546
6,0.7648979591836734,0.09149758368576145,0.8966888701370117
7,0.9804081632653061,0.17789031868256616,0.7436376337355156
8,0.8791836734693877,0.1778124219923236,0.7376769453463269
