Run,Kendall Tau,NDKL,Average Exposure
0,1.0,0.3193059617833523,0.6711852334875044
