Run,Kendall Tau,NDKL,Average Exposure
0,0.9363265306122449,0.18528630875042837,0.7545328177114491
1,0.9885714285714285,0.04137950974688213,0.9097396169066994
2,0.9526530612244898,0.03550088843439758,0.9462339281556954
3,0.9118367346938776,0.06732993338068181,0.7969615783121305
4,0.9657142857142857,0.19377333744290964,0.7600411940777351
5,0.9804081632653061,0.03534015268171708,1.1021617647636455
6,0.9918367346938776,0.03905603619569609,0.9152325975999264
7,0.846530612244898,0.0635010508752738,1.1329498764615853
