Run,Kendall Tau,NDKL,Average Exposure
0,0.9363265306122449,0.18509846811344682,0.7599422502850351
1,0.9885714285714285,0.20386933135696914,0.7134456359445045
2,0.9526530612244898,0.26321381250893255,0.6855178463093362
3,0.9118367346938776,0.22058159700550525,0.7108937435312462
4,0.9657142857142857,0.2068123316387717,0.7010041897385546
5,0.9804081632653061,0.17208620055017582,0.7428623128544662
6,0.9918367346938776,0.18060545080739504,0.7404000623797654
7,0.846530612244898,0.16392721169450714,0.7474551667781408
