Run,Kendall Tau,NDKL,Average Exposure
0,0.6669387755102041,0.1130884510509678,0.9827618142520467
1,0.6065306122448979,0.12694582690366316,1.0116291031577254
2,0.5559183673469388,0.11125443945874554,0.9776374070156244
3,0.7224489795918367,0.05729328304908402,0.9187049004162204
4,0.9755102040816327,0.3079058539715664,0.6643680406438961
5,0.6424489795918368,0.10732723681870067,0.9715095593104804
6,0.7534693877551021,0.05758768847750263,0.9147216058083991
7,0.8824489795918368,0.09659247156402852,0.881251959898428
8,0.986938775510204,0.24439303493870582,0.7167999578925038
