Run,Kendall Tau,NDKL,Average Exposure
0,0.9934693877551021,0.2277162247489769,0.7128547143783377
