Run,Kendall Tau,NDKL,Average Exposure
0,0.8106122448979591,0.05752936133789066,0.9143890579313063
1,0.7665306122448979,0.057719719933891016,0.9123535616340812
2,0.9608163265306122,0.12685574063736924,0.7841903250449095
3,0.923265306122449,0.05727869352456925,0.9178096536326554
4,0.7028571428571428,0.05727869352456925,0.9178096536326554
5,0.8546938775510204,0.05805497699673446,0.9496909874821674
6,0.7959183673469388,0.05900181766027121,0.95405307723293
7,0.8677551020408163,0.05731299685864408,0.9279949084752505
8,0.6979591836734694,0.05727869352456925,0.9178096536326554
