Run,Kendall Tau,NDKL,Average Exposure
0,0.6571428571428571,0.46960837637269176,0.5930593861499198
1,1.0,0.22883342587032943,0.6997531740796055
2,0.8040816326530612,0.45712135563864764,0.5984763106664268
3,1.0,0.212675906120649,0.7272117510290484
4,1.0,0.17701815404678106,0.7696871210348054
