Run,Kendall Tau,NDKL,Average Exposure
0,0.6457142857142857,0.11450062437876692,0.9871179326315014
1,0.5640816326530612,0.11092994430713035,0.9808503569842029
2,0.5493877551020409,0.10747131033157888,0.9710395631408816
3,0.5706122448979591,0.1255008503989831,1.0054863407238046
4,0.6914285714285714,0.1131652403072604,0.9839024226737124
5,0.6457142857142857,0.10191185116458427,0.9569496298577157
6,0.5183673469387755,0.1273752944054587,1.010343409666803
7,0.6636734693877551,0.12357078772489026,1.0011468781348025
8,0.4775510204081633,0.07854851886989712,1.0227284116454218
