Run,Kendall Tau,NDKL,Average Exposure
0,0.916734693877551,0.18476405463632548,0.7565098593449546
1,0.9885714285714285,0.04137950974688213,0.9097396169066994
2,0.9069387755102041,0.032717970048429544,0.9974249982457539
3,0.9918367346938776,0.03905603619569609,0.9152325975999264
4,0.916734693877551,0.04438050836265489,1.006441011266392
