Run,Kendall Tau,NDKL,Average Exposure
0,0.916734693877551,0.17723490414563725,0.7766040924601914
1,0.9885714285714285,0.20386933135696914,0.7134456359445045
2,0.9069387755102041,0.23826573265328355,0.7036478648532027
3,0.9918367346938776,0.18060545080739504,0.7404000623797654
4,0.916734693877551,0.18468201292801673,0.7286090433084702
