Run,Kendall Tau,NDKL,Average Exposure
0,1.0,0.3079119232660943,0.6630746364905219
