Run,Kendall Tau,NDKL,Average Exposure
0,0.5412244897959184,0.11450062437876692,0.9871179326315014
