Run,Kendall Tau,NDKL,Average Exposure
0,1.0,0.2934392791776199,0.6666274429617168
