Run,Kendall Tau,NDKL,Average Exposure
0,1.0,0.24811060018386324,0.6914483994722607
