Run,Kendall Tau,NDKL,Average Exposure
0,0.9461224489795919,0.26364746739003536,0.7169963090241874
1,0.9673469387755103,0.11871390231553497,0.7844772612019558
2,0.7306122448979592,0.05742709906031752,1.082812413825243
3,0.7763265306122449,0.06076877984715124,1.1215340456162346
4,0.6065306122448979,0.1748851190271471,0.8803078518480916
5,0.6620408163265306,0.05727869352456925,1.0895505359330644
6,0.8824489795918368,0.05943918543559931,0.8987615317109816
7,0.8612244897959184,0.18472752360550534,0.7799370052247676
8,0.9118367346938776,0.13964714210569673,0.8101955753768997
