Run,Kendall Tau,NDKL,Average Exposure
0,0.6457142857142857,0.11450062437876692,0.9871179326315014
1,0.5640816326530612,0.11092994430713035,0.9808503569842029
2,0.5281632653061225,0.10918569880769187,0.9773448717662865
3,0.5951020408163266,0.12473381122635031,1.0044600670777435
4,0.6,0.11252880683394463,1.1302663403751343
5,0.6636734693877551,0.1018350619082917,0.9558397942731244
6,0.5183673469387755,0.1273752944054587,1.010343409666803
7,0.6114285714285714,0.12282922336155189,1.0014992693577431
8,0.4775510204081633,0.07854851886989712,1.0227284116454218
