,shot_0,shot_1,shot_2,shot_3,shot_4
deepseek-api/API,0.558,0.974,0.974,0.978,0.974
gemini-2.0-flash-thinking-exp-01-21,0.98,0.784,0.976,0.8859999999999999,0.984
meta-llama/Meta-Llama-3-8B-Instruct,0.628,0.728,0.75,0.762,0.6940000000000001
