Run,Kendall Tau,NDKL,Average Exposure
0,0.8840816326530613,0.0911853278947408,0.8811859546141909
1,0.8742857142857143,0.12505670713273404,0.7829103897281844
2,0.3436734693877551,0.21536472412717222,1.0471588439084882
3,0.8318367346938775,0.10430610454656135,0.8484312643662124
4,0.6195918367346939,0.1241713434706877,1.0036138885879056
5,0.5510204081632653,0.1107979314258015,0.8751343417687911
6,0.7436734693877551,0.09556017547578557,0.881246224043363
7,0.689795918367347,0.10570500326028372,0.9716658706740597
8,0.4595918367346939,0.09075998179815713,0.9372639843025634
