Run,Kendall Tau,NDKL,Average Exposure
0,1.0,0.2767070264776063,0.6711661284654834
