Run,Kendall Tau,NDKL,Average Exposure
0,0.5640816326530612,0.11450062437876692,0.9871179326315014
