Run,Kendall Tau,NDKL,Average Exposure
0,1.0,0.3327911068096633,0.6415864595572632
