Run,Kendall Tau,NDKL,Average Exposure
0,1.0,0.3402826956481314,0.6488449945675238
1,1.0,0.22144923966689156,0.6947379372997385
2,1.0,0.28388900238388093,0.6965753537225808
3,1.0,0.2737147539295197,0.6652911857106791
4,1.0,0.22084378677978664,0.6981322846075013
5,1.0,0.28848805351488793,0.668303868849849
6,1.0,0.23403025941809055,0.6923817010367536
7,1.0,0.24551050834282634,0.6832588567882866
8,1.0,0.24754773170524905,0.6933602452514173
9,1.0,0.25103539416651566,0.6908946749169322
