Run,Kendall Tau,NDKL,Average Exposure
0,1.0,0.2521222385508758,0.7129786880853174
1,1.0,0.20964927768539474,0.7313917708834168
2,1.0,0.28914018897082827,0.6755437405042879
3,1.0,0.21021249826326605,0.726327585437444
4,1.0,0.3388551768840178,0.6516610043487976
5,1.0,0.30786977012909805,0.6649714512241548
6,1.0,0.2363794837352596,0.7130519853089241
7,1.0,0.27568027928358335,0.6764795692113676
8,1.0,0.11133438153496011,0.8578125501755748
9,1.0,0.24443398201137792,0.7172549185293781
