Run,Kendall Tau,NDKL,Average Exposure
0,0.4514285714285714,0.11450062437876692,0.9871179326315014
