Run,Kendall Tau,NDKL,Average Exposure
0,0.5983673469387755,0.12414416117616539,1.0198693885059158
1,0.4775510204081633,0.10104292462865877,1.1203654600457722
2,0.516734693877551,0.10882403490615722,0.9766015949997665
3,0.529795918367347,0.14696408665015476,1.0376892337719739
4,0.43673469387755104,0.27963628481356717,1.3215494013076847
5,0.5657142857142857,0.10666217582939748,0.8933948607678484
6,0.36653061224489797,0.23131134613395135,1.2833209791690166
7,0.5379591836734694,0.12070432023820664,0.9997878073801263
8,0.673469387755102,0.11748184578968092,0.9919382191710687
