Run,Kendall Tau,NDKL,Average Exposure
0,0.9412244897959183,0.18812827557703893,0.74907537982054
1,0.9461224489795919,0.0427421461407446,1.0842589658496924
2,0.5526530612244898,0.11066837177763002,1.2362418813481992
3,0.9657142857142857,0.03982102969692629,0.9023618778477855
4,0.6620408163265306,0.21726250357097274,1.54292557760514
5,0.6244897959183674,0.24228724092543824,0.8990026757571866
6,0.7877551020408163,0.13456318746878648,1.4641154457281353
7,0.673469387755102,0.17805863633686012,1.5267995350115788
8,0.833469387755102,0.06302584847217348,1.1374473238775231
