Run,Kendall Tau,NDKL,Average Exposure
0,0.9412244897959183,0.18586625153439557,0.7587811506365177
1,0.9461224489795919,0.16209813162873388,0.7435474789329061
2,0.5526530612244898,0.2189387653246815,0.7890204709170199
3,0.9657142857142857,0.18540812014489125,0.7482266468575471
4,0.6620408163265306,0.13011486631254388,0.8996437840742522
5,0.6244897959183674,0.17066616587781663,0.7797092793034117
6,0.7877551020408163,0.1974685279749894,0.763425726635102
7,0.673469387755102,0.12347753697781183,0.8466528703489248
8,0.833469387755102,0.16350382869532146,0.7490806322000706
