Run,Kendall Tau,NDKL,Average Exposure
0,1.0,0.35227248169073483,0.6376543316997192
