Run,Kendall Tau,NDKL,Average Exposure
0,0.7942857142857143,0.10010914502657173,1.1906399957017082
1,0.8155102040816327,0.06711148155990856,1.0005449891810392
2,0.7975510204081633,0.1606048694283447,0.7865817008574841
3,0.9069387755102041,0.06837207071560357,0.9765694857648399
4,0.8236734693877551,0.060645345370627296,1.119447371241246
