Run,Kendall Tau,NDKL,Average Exposure
0,0.9608163265306122,0.2039032653600603,0.7378905250158778
1,0.5722448979591837,0.13117835478918724,0.8429845695347353
2,0.4906122448979592,0.1995279766884872,0.8185587041056059
3,0.6685714285714286,0.1424881612886905,0.8380883025322313
4,0.6620408163265306,0.13011486631254388,0.8996437840742522
5,0.6228571428571429,0.13675953150764505,0.8124539804780756
6,0.6636734693877551,0.37159589910710694,0.6292117001462351
7,0.673469387755102,0.12347753697781183,0.8466528703489248
8,0.43020408163265306,0.12741345505655918,0.8657647964067431
