Run,Kendall Tau,NDKL,Average Exposure
0,0.9608163265306122,0.1517161157109823,0.7548150635607933
1,0.5722448979591837,0.21726250357097274,1.54292557760514
2,0.4906122448979592,0.23679161070364246,1.551470258619706
3,0.6685714285714286,0.1583934853325938,1.5191798243898533
4,0.6620408163265306,0.21726250357097274,1.54292557760514
5,0.6228571428571429,0.18279744593528138,0.9458655526871512
6,0.6636734693877551,0.3555110035775603,0.579461195009131
7,0.673469387755102,0.17805863633686012,1.5267995350115788
8,0.43020408163265306,0.25626495923440634,1.560364570734518
