Run,Kendall Tau,NDKL,Average Exposure
0,0.7812244897959184,0.057373100930710554,1.084734285375025
1,0.24244897959183673,0.4374947117934024,1.6689488040748244
2,0.32571428571428573,0.4746200882300451,1.7000417865086113
3,0.913469387755102,0.1231494293684358,0.8460323798284715
4,0.1493877551020408,0.4476609624868726,1.6868553706791902
5,0.8530612244897959,0.05805497699673446,1.064892700168302
6,0.7926530612244898,0.06059311008751831,1.1117270371146317
7,0.8628571428571429,0.0573184706943442,1.0872248057955602
