Run,Kendall Tau,NDKL,Average Exposure
0,1.0,0.289310117065295,0.6759951720191258
