Run,Kendall Tau,NDKL,Average Exposure
0,0.8122448979591836,0.16122785458815803,0.808365666970507
1,0.9640816326530612,0.15257300350855932,0.7719290056133514
2,0.9722448979591837,0.25704656485289223,0.6893172361425116
3,0.9069387755102041,0.18183414924802288,0.757033123722394
4,0.8628571428571429,0.2582706818619683,0.6973621857221591
5,0.6261224489795918,0.2006230736902305,0.7666509378253289
6,0.929795918367347,0.21859210218334865,0.7386622306167154
7,0.8710204081632653,0.23599750773153505,0.7142253079507488
8,0.8922448979591837,0.16641073947340704,0.7698583075242104
