Run,Kendall Tau,NDKL,Average Exposure
0,0.9330612244897959,0.1847598157478193,0.7561029891141722
1,0.9314285714285714,0.03621833369251971,0.9460992488145805
2,0.5526530612244898,0.11066837177763002,1.2362418813481992
3,0.990204081632653,0.048233029306303445,0.8638433039636693
4,0.9853061224489796,0.03370756611586453,1.032062479106005
5,0.9657142857142857,0.19377333744290964,0.7600411940777351
6,0.990204081632653,0.0733322513914923,1.257442420448652
7,0.9918367346938776,0.03905603619569609,0.9152325975999264
8,0.8367346938775511,0.06310111055868059,1.1363693499634093
