Run,Kendall Tau,NDKL,Average Exposure
0,0.9330612244897959,0.18470317346604076,0.7614306247651986
1,0.9314285714285714,0.1968119662808334,0.7241438852462969
2,0.5526530612244898,0.2189387653246815,0.7890204709170199
3,0.990204081632653,0.20440989698964218,0.7338940180053252
4,0.9853061224489796,0.15374915441858264,0.7900526268850083
5,0.9657142857142857,0.2068123316387717,0.7010041897385546
6,0.990204081632653,0.20682363939671786,0.7246706823483289
7,0.9918367346938776,0.18060545080739504,0.7404000623797654
8,0.8367346938775511,0.16361631777157346,0.7485576555634897
